,generation,time,score
0,1.0,8.46649980545044,190700.0
1,2.0,8.807336568832397,190700.0
2,3.0,8.930274724960327,190700.0
3,4.0,9.040518045425415,190700.0
4,5.0,9.448298931121826,190700.0
5,6.0,9.672165632247925,190700.0
6,7.0,9.963618755340576,190700.0
7,8.0,10.61225962638855,190700.0
8,9.0,11.034024238586426,190700.0
9,10.0,11.418349027633667,190700.0
10,11.0,11.712186336517334,190700.0
11,12.0,12.255589485168457,190700.0
12,13.0,12.283580303192139,190700.0
13,14.0,12.39650821685791,190700.0
14,15.0,12.693340301513672,190700.0
15,16.0,13.116097211837769,190700.0
16,17.0,13.716750383377075,190700.0
17,18.0,13.928776025772095,190700.0
18,19.0,14.042697191238403,190700.0
19,20.0,14.260571956634521,190700.0
20,21.0,14.545514345169067,190700.0
21,22.0,14.755391597747803,190700.0
22,23.0,15.290085792541504,190700.0
23,24.0,16.0175199508667,190700.0
24,25.0,16.129457235336304,190700.0
25,26.0,16.53231954574585,190700.0
26,27.0,16.550323486328125,190700.0
27,28.0,16.572309017181396,190700.0
28,29.0,16.87511968612671,190700.0
29,30.0,17.21347999572754,190700.0
30,31.0,17.810153245925903,190700.0
31,32.0,18.01585841178894,190700.0
32,33.0,18.215747356414795,190700.0
33,34.0,18.341681241989136,190700.0
34,35.0,19.212168216705322,190700.0
35,36.0,19.316107511520386,190700.0
36,37.0,19.346089124679565,190700.0
37,38.0,19.55296778678894,190700.0
38,39.0,20.34250497817993,190700.0
39,40.0,20.47242569923401,190700.0
40,41.0,20.68129253387451,190700.0
41,42.0,21.578431129455566,190700.0
42,43.0,21.77642846107483,190700.0
43,44.0,22.845621824264526,190700.0
44,45.0,23.85504698753357,190700.0
45,46.0,24.536128282546997,190700.0
46,47.0,25.251612663269043,190700.0
47,48.0,26.065163135528564,190700.0
48,49.0,27.14626169204712,190700.0
49,50.0,27.172247648239136,190700.0
50,51.0,28.244324922561646,190700.0
51,52.0,29.22275471687317,190700.0
52,53.0,29.884483814239502,190700.0
53,54.0,29.900485515594482,190700.0
54,55.0,30.30723762512207,190700.0
55,56.0,31.24426555633545,190700.0
56,57.0,31.674017667770386,190700.0
57,58.0,31.9855899810791,190700.0
58,59.0,32.01756739616394,190700.0
59,60.0,32.31040096282959,190700.0
60,61.0,32.34637951850891,190700.0
61,62.0,33.456363677978516,190700.0
62,63.0,33.476351261138916,190700.0
63,64.0,33.5403151512146,190700.0
64,65.0,33.66126036643982,190700.0
65,66.0,34.470431327819824,190700.0
66,67.0,35.22321343421936,190700.0
67,68.0,35.61757016181946,190700.0
68,69.0,36.61936116218567,190700.0
69,70.0,37.69700789451599,190700.0
70,71.0,38.655455112457275,190700.0
71,72.0,39.56993913650513,190700.0
72,73.0,40.77437233924866,190700.0
73,74.0,41.551299810409546,190700.0
74,75.0,42.265909910202026,190700.0
75,76.0,42.66393446922302,190700.0
76,77.0,43.20862174034119,190700.0
77,78.0,44.16175580024719,190700.0
78,79.0,44.37862992286682,190700.0
79,80.0,44.406627893447876,190700.0
80,81.0,44.71743440628052,190700.0
81,82.0,45.3544397354126,190700.0
82,83.0,46.24683594703674,190700.0
83,84.0,46.55319309234619,190700.0
84,85.0,47.03651666641235,190700.0
85,86.0,48.12290406227112,190700.0
86,87.0,48.89710283279419,190700.0
87,88.0,48.92708969116211,190700.0
88,89.0,49.207918643951416,190700.0
89,90.0,49.71930003166199,190700.0
90,91.0,49.77326989173889,190700.0
91,92.0,49.797253370285034,190700.0
92,93.0,50.32281303405762,190700.0
93,94.0,50.52470374107361,190700.0
94,95.0,50.81053805351257,190700.0
95,96.0,51.102362632751465,190700.0
96,97.0,51.474143266677856,190700.0
97,98.0,54.55308985710144,190700.0
98,99.0,54.89889073371887,190700.0
99,100.0,54.93169164657593,190700.0
100,101.0,55.13359332084656,190700.0
101,102.0,55.62928795814514,190700.0
102,103.0,55.666266679763794,190700.0
103,104.0,55.70324468612671,190700.0
104,105.0,55.73123216629028,190700.0
105,106.0,55.78320121765137,190700.0
106,107.0,55.81918144226074,190700.0
107,108.0,55.96209692955017,190700.0
108,109.0,56.55119061470032,190700.0
109,110.0,57.25963473320007,190700.0
110,111.0,57.440038204193115,190700.0
111,112.0,57.98892307281494,190700.0
112,113.0,58.47787308692932,190700.0
113,114.0,59.43049359321594,190700.0
114,115.0,60.288987159729004,190700.0
115,116.0,60.322970390319824,190700.0
116,117.0,60.97781777381897,190700.0
117,118.0,61.8533079624176,190700.0
118,119.0,62.14615345001221,190700.0
119,120.0,63.10438346862793,190700.0
120,121.0,63.6150860786438,190700.0
121,122.0,63.910916328430176,190700.0
122,123.0,64.86294960975647,190700.0
123,124.0,65.81632781028748,190700.0
124,125.0,66.66255736351013,190700.0
125,126.0,67.62542033195496,190700.0
126,127.0,68.55911898612976,190700.0
127,128.0,69.40477347373962,190700.0
128,129.0,70.25228238105774,190700.0
129,130.0,71.0784900188446,190700.0
130,131.0,72.18085551261902,190700.0
131,132.0,72.96625137329102,190700.0
132,133.0,73.78452515602112,190700.0
133,134.0,74.49610924720764,190700.0
134,135.0,75.35616183280945,190700.0
135,136.0,76.21642327308655,190700.0
136,137.0,77.16187691688538,190700.0
137,138.0,78.05154824256897,190700.0
138,139.0,78.90995812416077,190700.0
139,140.0,79.94739770889282,190700.0
140,141.0,80.14929246902466,190700.0
141,142.0,80.35638189315796,190700.0
142,143.0,81.39391136169434,190700.0
143,144.0,82.27866339683533,190700.0
144,145.0,83.30776309967041,190700.0
145,146.0,83.32575058937073,190700.0
146,147.0,84.06433391571045,190700.0
147,148.0,85.2156834602356,190700.0
148,149.0,85.58847570419312,190700.0
149,150.0,86.50623798370361,190700.0
150,151.0,86.54122114181519,190700.0
151,152.0,87.39329123497009,190700.0
152,153.0,88.31067371368408,190700.0
153,154.0,89.37191605567932,190700.0
154,155.0,90.36133098602295,190700.0
155,156.0,90.41130232810974,190700.0
156,157.0,91.54609727859497,190700.0
157,158.0,92.80305981636047,190700.0
158,159.0,93.72030544281006,190700.0
159,160.0,94.61479234695435,190700.0
160,161.0,95.19039940834045,190700.0
161,162.0,96.06599593162537,190700.0
162,163.0,96.91700792312622,190700.0
163,164.0,97.53470015525818,190700.0
164,165.0,98.37719511985779,190700.0
165,166.0,99.07279396057129,190700.0
166,167.0,99.94114661216736,190700.0
167,168.0,100.72504687309265,190700.0
168,169.0,101.51223421096802,190700.0
169,170.0,102.37086224555969,190700.0
170,171.0,103.35970425605774,190700.0
171,172.0,104.17675971984863,190700.0
172,173.0,104.9843201637268,190700.0
173,174.0,106.00355529785156,190700.0
174,175.0,106.76560091972351,190700.0
175,176.0,107.51858067512512,190700.0
176,177.0,108.55695605278015,190700.0
177,178.0,109.34706163406372,190700.0
178,179.0,110.35472846031189,190700.0
179,180.0,111.32819366455078,190700.0
180,181.0,112.38075757026672,190700.0
181,182.0,113.24888014793396,190700.0
182,183.0,114.16835141181946,190625.0
183,184.0,115.16621446609497,190625.0
184,185.0,116.07670259475708,190625.0
185,186.0,116.89832758903503,190475.0
186,187.0,117.68977546691895,190475.0
187,188.0,118.671217918396,190475.0
188,189.0,119.54507517814636,190475.0
189,190.0,120.14851474761963,190475.0
190,191.0,120.77477240562439,190475.0
191,192.0,121.43609714508057,190475.0
192,193.0,122.41853356361389,190475.0
193,194.0,123.0612587928772,190475.0
194,195.0,124.02417588233948,190475.0
195,196.0,125.00561022758484,190475.0
196,197.0,125.97027158737183,190475.0
197,198.0,126.72429490089417,190475.0
198,199.0,127.51383066177368,190475.0
199,200.0,128.43228840827942,190475.0
200,201.0,129.20811486244202,190475.0
201,202.0,129.91375184059143,190475.0
202,203.0,130.60814762115479,190475.0
203,204.0,131.4588851928711,190325.0
204,205.0,132.2509582042694,190325.0
205,206.0,133.00352025032043,190325.0
206,207.0,133.80305099487305,190325.0
207,208.0,134.59727811813354,190325.0
208,209.0,135.37754249572754,190325.0
209,210.0,136.23412132263184,190325.0
210,211.0,137.00398325920105,190325.0
211,212.0,137.82173037528992,190325.0
212,213.0,138.41240882873535,190325.0
213,214.0,139.1879370212555,190250.0
214,215.0,139.81685876846313,190025.0
215,216.0,140.45962476730347,190025.0
216,217.0,141.30309176445007,190025.0
217,218.0,142.20083284378052,190025.0
218,219.0,142.9609341621399,190025.0
219,220.0,143.82118368148804,190025.0
220,221.0,144.76600646972656,190025.0
221,222.0,145.48004579544067,189725.0
222,223.0,145.88967180252075,189725.0
223,224.0,146.76269960403442,189725.0
224,225.0,147.60827684402466,189725.0
225,226.0,148.25678157806396,189725.0
226,227.0,148.83228254318237,189725.0
227,228.0,149.5970630645752,189725.0
228,229.0,150.28189730644226,189725.0
229,230.0,151.15659260749817,189725.0
230,231.0,151.9248435497284,189725.0
231,232.0,152.71105527877808,189725.0
232,233.0,153.56353664398193,189725.0
233,234.0,154.1142909526825,189725.0
234,235.0,155.04233527183533,189725.0
235,236.0,155.85014963150024,189725.0
236,237.0,156.56059670448303,189725.0
237,238.0,157.1338062286377,189725.0
238,239.0,157.90821647644043,189725.0
239,240.0,158.61383605003357,189650.0
240,241.0,159.53930044174194,189650.0
241,242.0,160.36990571022034,189650.0
242,243.0,161.05895709991455,189650.0
243,244.0,161.891259431839,189650.0
244,245.0,162.64583110809326,189650.0
245,246.0,163.4166979789734,189650.0
246,247.0,164.14998149871826,189650.0
247,248.0,164.78317070007324,189650.0
248,249.0,165.62647080421448,189650.0
249,250.0,166.45182728767395,189650.0
250,251.0,167.33401608467102,189650.0
251,252.0,168.1030788421631,189650.0
252,253.0,168.8706557750702,189650.0
253,254.0,169.56087160110474,189650.0
254,255.0,170.40226674079895,189650.0
255,256.0,171.16919994354248,189650.0
256,257.0,172.00343108177185,189650.0
257,258.0,172.8475205898285,189650.0
258,259.0,173.6612904071808,189650.0
259,260.0,174.3684961795807,189650.0
260,261.0,175.16420984268188,189575.0
261,262.0,175.93122243881226,189575.0
262,263.0,176.49608373641968,189575.0
263,264.0,177.2416434288025,189575.0
264,265.0,177.84682846069336,189575.0
265,266.0,178.62446427345276,189575.0
266,267.0,179.34616446495056,189575.0
267,268.0,180.14169335365295,189575.0
268,269.0,180.78357458114624,189575.0
269,270.0,181.71445536613464,189575.0
270,271.0,182.34802174568176,189575.0
271,272.0,183.23357558250427,189575.0
272,273.0,183.99976921081543,189575.0
273,274.0,184.75300908088684,189575.0
274,275.0,185.470454454422,189575.0
275,276.0,186.3524661064148,189575.0
276,277.0,187.1259274482727,189575.0
277,278.0,187.96844100952148,189575.0
278,279.0,188.53072118759155,189575.0
279,280.0,189.33100414276123,189575.0
280,281.0,190.08621430397034,189575.0
281,282.0,190.92768669128418,189575.0
282,283.0,191.57485795021057,189575.0
283,284.0,192.40135073661804,189575.0
284,285.0,193.3188178539276,189575.0
285,286.0,194.2621648311615,189575.0
286,287.0,195.10714268684387,189575.0
287,288.0,195.90377831459045,189575.0
288,289.0,196.55388474464417,189575.0
289,290.0,197.34460139274597,189575.0
290,291.0,198.0751976966858,189575.0
291,292.0,199.02433443069458,189575.0
292,293.0,199.83644604682922,189575.0
293,294.0,200.62796187400818,189575.0
294,295.0,201.3322343826294,189575.0
295,296.0,202.1051390171051,189575.0
296,297.0,202.84770941734314,189575.0
297,298.0,203.95207524299622,189575.0
298,299.0,204.59134721755981,189575.0
299,300.0,205.46431708335876,189575.0
300,301.0,206.2106032371521,189575.0
301,302.0,207.08668446540833,189575.0
302,303.0,207.88466906547546,189575.0
303,304.0,208.65763401985168,189575.0
304,305.0,209.35005712509155,189575.0
305,306.0,210.1092004776001,189575.0
306,307.0,210.88249325752258,189575.0
307,308.0,211.65904760360718,189575.0
308,309.0,212.52654814720154,189575.0
309,310.0,213.3780553340912,189575.0
310,311.0,214.0914933681488,189575.0
311,312.0,214.85528254508972,189575.0
312,313.0,215.7580211162567,189575.0
313,314.0,216.38465881347656,189575.0
314,315.0,217.22962713241577,189575.0
315,316.0,218.18110299110413,189575.0
316,317.0,218.94266510009766,189575.0
317,318.0,219.72222423553467,189575.0
318,319.0,220.64924478530884,189575.0
319,320.0,221.4178764820099,189575.0
320,321.0,222.3713800907135,189575.0
321,322.0,223.24687480926514,189575.0
322,323.0,224.031423330307,189575.0
323,324.0,224.95289182662964,189575.0
324,325.0,225.8593306541443,189575.0
325,326.0,226.46320509910583,189575.0
326,327.0,227.25238609313965,189575.0
327,328.0,227.9958827495575,189575.0
328,329.0,228.7136538028717,189575.0
329,330.0,229.54366755485535,189575.0
330,331.0,230.39571380615234,189575.0
331,332.0,231.21130776405334,189575.0
332,333.0,232.0756356716156,189575.0
333,334.0,233.69353938102722,189575.0
334,335.0,234.48137545585632,189575.0
335,336.0,235.3158950805664,189575.0
336,337.0,236.03667068481445,189575.0
337,338.0,237.0010302066803,189575.0
338,339.0,237.6661515235901,189575.0
339,340.0,238.62681770324707,189575.0
340,341.0,239.4926142692566,189575.0
341,342.0,240.40796661376953,189575.0
342,343.0,241.1127245426178,189575.0
343,344.0,241.82451939582825,189575.0
344,345.0,242.81819033622742,189575.0
345,346.0,243.6837193965912,189575.0
346,347.0,244.32727098464966,189575.0
347,348.0,245.0708200931549,189575.0
348,349.0,245.9355878829956,189575.0
349,350.0,246.6147665977478,189575.0
350,351.0,247.5872082710266,189575.0
351,352.0,248.41572904586792,189275.0
352,353.0,249.3215775489807,189275.0
353,354.0,250.1636986732483,189275.0
354,355.0,250.87185978889465,189275.0
355,356.0,251.54447388648987,189275.0
356,357.0,252.47832560539246,189200.0
357,358.0,253.3616816997528,189200.0
358,359.0,254.19566416740417,189200.0
359,360.0,255.04401302337646,189200.0
360,361.0,255.80904531478882,189200.0
361,362.0,256.7943024635315,189200.0
362,363.0,257.94464325904846,189200.0
363,364.0,258.88010001182556,189200.0
364,365.0,259.8795564174652,189200.0
365,366.0,260.6461007595062,189200.0
366,367.0,261.51260113716125,189200.0
367,368.0,262.1976683139801,189200.0
368,369.0,263.0626473426819,189200.0
369,370.0,264.0920536518097,189200.0
370,371.0,265.01750922203064,189200.0
371,372.0,265.9429748058319,189200.0
372,373.0,266.48266434669495,189200.0
373,374.0,267.37015080451965,189200.0
374,375.0,268.2824115753174,189200.0
375,376.0,269.4117605686188,189200.0
376,377.0,270.22930550575256,189200.0
377,378.0,271.0599009990692,189200.0
378,379.0,271.8996407985687,189200.0
379,380.0,272.8589332103729,189200.0
380,381.0,273.60274720191956,189125.0
381,382.0,274.4536328315735,189125.0
382,383.0,275.26056432724,189125.0
383,384.0,276.0943238735199,189125.0
384,385.0,276.9773395061493,189125.0
385,386.0,278.09378361701965,189125.0
386,387.0,279.0068836212158,189125.0
387,388.0,279.7224817276001,189125.0
388,389.0,280.80423498153687,189125.0
389,390.0,281.85421538352966,189125.0
390,391.0,282.81764960289,189125.0
391,392.0,283.622186422348,189125.0
392,393.0,285.1353130340576,189125.0
393,394.0,286.0752968788147,189125.0
394,395.0,286.7680516242981,189125.0
395,396.0,287.82458686828613,189050.0
396,397.0,288.69036054611206,189050.0
397,398.0,289.4844889640808,189050.0
398,399.0,290.28645753860474,189050.0
399,400.0,291.0761137008667,189050.0
400,401.0,291.8466136455536,189050.0
401,402.0,292.7512300014496,189050.0
402,403.0,293.42588686943054,189050.0
403,404.0,294.25096821784973,189050.0
404,405.0,294.8172404766083,189050.0
405,406.0,295.479172706604,189050.0
406,407.0,296.2577247619629,189050.0
407,408.0,296.99134278297424,189050.0
408,409.0,297.6962003707886,189050.0
409,410.0,298.37093782424927,189050.0
410,411.0,299.2194480895996,189050.0
411,412.0,300.03532099723816,189050.0
412,413.0,300.66228556632996,189050.0
413,414.0,301.44019532203674,189050.0
414,415.0,302.3516891002655,189050.0
415,416.0,303.20920276641846,189050.0
416,417.0,304.2820155620575,189050.0
417,418.0,305.1934905052185,189050.0
418,419.0,305.9688403606415,188975.0
419,420.0,306.5933847427368,188975.0
420,421.0,307.5268499851227,188975.0
421,422.0,308.15848660469055,188975.0
422,423.0,309.08387327194214,188975.0
423,424.0,309.9893481731415,188975.0
424,425.0,310.9517946243286,188975.0
425,426.0,311.60240602493286,188975.0
426,427.0,312.67967462539673,188975.0
427,428.0,313.8439996242523,188975.0
428,429.0,315.02431988716125,188975.0
429,430.0,316.0557961463928,188975.0
430,431.0,316.97226762771606,188975.0
431,432.0,318.02665853500366,188975.0
432,433.0,319.159015417099,188975.0
433,434.0,320.13844108581543,188975.0
434,435.0,321.2258143424988,188975.0
435,436.0,322.04934191703796,188975.0
436,437.0,323.0147876739502,188975.0
437,438.0,324.05331778526306,188975.0
438,439.0,324.8620238304138,188975.0
439,440.0,325.94421553611755,188975.0
440,441.0,326.95164799690247,188900.0
441,442.0,328.131952047348,188900.0
442,443.0,328.8675284385681,188900.0
443,444.0,329.98888301849365,188900.0
444,445.0,331.08793663978577,188900.0
445,446.0,331.90299439430237,188900.0
446,447.0,332.90725326538086,188900.0
447,448.0,333.7367615699768,188900.0
448,449.0,334.4938085079193,188900.0
449,450.0,335.363329410553,188900.0
450,451.0,336.45218420028687,188900.0
451,452.0,337.5675413608551,188900.0
452,453.0,338.4723687171936,188900.0
453,454.0,339.0158405303955,188900.0
454,455.0,339.94179487228394,188900.0
455,456.0,340.8552680015564,188900.0
456,457.0,341.8337035179138,188825.0
457,458.0,342.8121395111084,188825.0
458,459.0,343.60368275642395,188825.0
459,460.0,344.4941494464874,188825.0
460,461.0,345.5812985897064,188825.0
461,462.0,346.5117621421814,188750.0
462,463.0,347.592933177948,188750.0
463,464.0,348.5322024822235,188750.0
464,465.0,349.5366270542145,188750.0
465,466.0,350.4657053947449,188750.0
466,467.0,351.17764139175415,188750.0
467,468.0,352.2260365486145,188750.0
468,469.0,353.3190219402313,188750.0
469,470.0,354.38796210289,188750.0
470,471.0,355.3311004638672,188750.0
471,472.0,356.21658539772034,188750.0
472,473.0,357.0057690143585,188750.0
473,474.0,357.84382915496826,188750.0
474,475.0,358.57676577568054,188750.0
475,476.0,359.65373063087463,188750.0
476,477.0,360.6709461212158,188750.0
477,478.0,361.7865138053894,188750.0
478,479.0,362.78693556785583,188750.0
479,480.0,363.44256019592285,188750.0
480,481.0,364.43191599845886,188750.0
481,482.0,365.2998161315918,188750.0
482,483.0,366.27784061431885,188750.0
483,484.0,367.27529549598694,188750.0
484,485.0,368.06161737442017,188750.0
485,486.0,368.9993007183075,188675.0
486,487.0,369.70972895622253,188675.0
487,488.0,370.63959097862244,188675.0
488,489.0,371.61967730522156,188675.0
489,490.0,372.8387179374695,188675.0
490,491.0,373.70885372161865,188675.0
491,492.0,374.696005821228,188675.0
492,493.0,375.91285157203674,188675.0
493,494.0,376.71704030036926,188675.0
494,495.0,377.61552119255066,188550.0
495,496.0,378.41973900794983,188550.0
496,497.0,379.5083553791046,188550.0
497,498.0,380.23493671417236,188550.0
498,499.0,381.103688955307,188550.0
499,500.0,381.9862401485443,188550.0
500,501.0,383.160742521286,188550.0
501,502.0,384.1884140968323,188550.0
502,503.0,385.2990663051605,188550.0
503,504.0,386.3010964393616,188550.0
504,505.0,387.2956540584564,188550.0
505,506.0,388.48196506500244,188550.0
506,507.0,389.5282588005066,188550.0
507,508.0,390.24883222579956,188550.0
508,509.0,391.1013367176056,188550.0
509,510.0,391.7514991760254,188550.0
510,511.0,392.6544680595398,188525.0
511,512.0,393.5609426498413,188525.0
512,513.0,394.59934520721436,188525.0
513,514.0,395.5654969215393,188525.0
514,515.0,396.67162895202637,188525.0
515,516.0,397.5786693096161,188525.0
516,517.0,398.5579855442047,188525.0
517,518.0,399.6084015369415,188525.0
518,519.0,400.6251254081726,188525.0
519,520.0,401.6375412940979,188525.0
520,521.0,402.3277871608734,188525.0
521,522.0,403.311975479126,188525.0
522,523.0,404.28064012527466,188525.0
523,524.0,404.9989664554596,188525.0
524,525.0,406.0383675098419,188525.0
525,526.0,407.02508878707886,188525.0
526,527.0,408.2610664367676,188375.0
527,528.0,409.1745367050171,188375.0
528,529.0,410.1687157154083,188375.0
529,530.0,411.16088342666626,188375.0
530,531.0,415.7091522216797,188375.0
531,532.0,416.67959475517273,188375.0
532,533.0,417.5500991344452,188375.0
533,534.0,418.6217794418335,188375.0
534,535.0,419.78842210769653,188375.0
535,536.0,420.64702892303467,188375.0
536,537.0,421.3716275691986,188375.0
537,538.0,422.3272247314453,188375.0
538,539.0,423.4312596321106,188375.0
539,540.0,424.44733119010925,188375.0
540,541.0,425.48374009132385,188375.0
541,542.0,426.3048644065857,188375.0
542,543.0,427.361763715744,188300.0
543,544.0,428.43838334083557,188300.0
544,545.0,429.4263381958008,188300.0
545,546.0,430.2615976333618,188300.0
546,547.0,431.02838468551636,188300.0
547,548.0,431.9035151004791,188300.0
548,549.0,433.0724251270294,188300.0
549,550.0,434.1094102859497,188300.0
550,551.0,435.1509256362915,188300.0
551,552.0,436.01919770240784,188300.0
552,553.0,436.8281002044678,188300.0
553,554.0,437.84028458595276,188300.0
554,555.0,438.640291929245,188300.0
555,556.0,439.60450315475464,188300.0
556,557.0,440.4490616321564,188300.0
557,558.0,441.21863651275635,188300.0
558,559.0,442.09475803375244,188300.0
559,560.0,442.9739890098572,188300.0
560,561.0,443.93195128440857,188300.0
561,562.0,444.7979300022125,188300.0
562,563.0,445.58706164360046,188300.0
563,564.0,446.3412780761719,188300.0
564,565.0,447.6527624130249,188300.0
565,566.0,448.5447292327881,188300.0
566,567.0,449.6704726219177,188300.0
567,568.0,450.8540108203888,188300.0
568,569.0,451.7534923553467,188300.0
569,570.0,452.83712816238403,188300.0
570,571.0,453.9419846534729,188225.0
571,572.0,454.74926352500916,188225.0
572,573.0,455.64052724838257,188225.0
573,574.0,456.566650390625,188225.0
574,575.0,457.4561359882355,188225.0
575,576.0,458.33232617378235,188225.0
576,577.0,459.4641718864441,188225.0
577,578.0,460.39237785339355,188225.0
578,579.0,461.26250171661377,188225.0
579,580.0,462.2831783294678,188225.0
580,581.0,463.29553031921387,188225.0
581,582.0,464.4255850315094,188225.0
582,583.0,465.40501284599304,188225.0
583,584.0,466.4184629917145,188225.0
584,585.0,467.42058420181274,188225.0
585,586.0,468.2364819049835,188225.0
586,587.0,469.45232224464417,188225.0
587,588.0,470.77011370658875,188225.0
588,589.0,471.6222229003906,188225.0
589,590.0,472.6712703704834,188225.0
590,591.0,473.64125752449036,188225.0
591,592.0,474.83518242836,188225.0
592,593.0,475.92122983932495,188225.0
593,594.0,477.01142978668213,188225.0
594,595.0,477.93108201026917,188225.0
595,596.0,478.89994072914124,188225.0
596,597.0,480.0250701904297,188225.0
597,598.0,481.0212912559509,188225.0
598,599.0,481.93952322006226,188225.0
599,600.0,482.93397784233093,188225.0
600,601.0,484.01306223869324,188225.0
601,602.0,485.11088347435,188225.0
602,603.0,486.3125274181366,188225.0
603,604.0,487.3649203777313,188225.0
604,605.0,488.2954430580139,188150.0
605,606.0,489.0410006046295,188150.0
606,607.0,489.90902948379517,188150.0
607,608.0,490.9374258518219,188150.0
608,609.0,492.29049038887024,188150.0
609,610.0,493.1929705142975,188150.0
610,611.0,494.273140668869,188150.0
611,612.0,495.23710465431213,188150.0
612,613.0,496.254376411438,188150.0
613,614.0,497.2517442703247,188150.0
614,615.0,497.7741599082947,188150.0
615,616.0,498.72736978530884,188150.0
616,617.0,499.6065402030945,188150.0
617,618.0,500.4320635795593,188150.0
618,619.0,501.2973201274872,188075.0
619,620.0,502.2285704612732,188075.0
620,621.0,503.03210282325745,188075.0
621,622.0,504.1324682235718,188075.0
622,623.0,505.00111055374146,188075.0
623,624.0,506.0747938156128,188075.0
624,625.0,507.0850622653961,188075.0
625,626.0,508.00826501846313,188075.0
626,627.0,508.80204248428345,188075.0
627,628.0,509.93507957458496,188075.0
628,629.0,510.9519305229187,188075.0
629,630.0,511.82459712028503,188075.0
630,631.0,512.727076292038,188075.0
631,632.0,513.5226678848267,188075.0
632,633.0,514.1632957458496,188075.0
633,634.0,515.1904203891754,188075.0
634,635.0,515.8956847190857,188075.0
635,636.0,516.7391986846924,188075.0
636,637.0,517.7236309051514,188075.0
637,638.0,518.3222861289978,188075.0
638,639.0,519.1819565296173,188075.0
639,640.0,520.0954794883728,187850.0
640,641.0,521.0541613101959,187850.0
641,642.0,521.7282838821411,187850.0
642,643.0,522.7748634815216,187850.0
643,644.0,523.8332529067993,187850.0
644,645.0,524.79469871521,187850.0
645,646.0,525.8291025161743,187850.0
646,647.0,526.4597375392914,187850.0
647,648.0,527.2755389213562,187850.0
648,649.0,528.0754888057709,187850.0
649,650.0,528.8038034439087,187850.0
650,651.0,529.6098074913025,187850.0
651,652.0,530.5040702819824,187850.0
652,653.0,531.2879981994629,187775.0
653,654.0,532.1285164356232,187775.0
654,655.0,532.9880380630493,187775.0
655,656.0,533.8805375099182,187775.0
656,657.0,534.725759267807,187775.0
657,658.0,535.5602769851685,187775.0
658,659.0,536.3733992576599,187775.0
659,660.0,537.1296441555023,187775.0
660,661.0,538.0506129264832,187775.0
661,662.0,538.8121311664581,187775.0
662,663.0,539.6821563243866,187775.0
663,664.0,540.50168633461,187775.0
664,665.0,541.1954615116119,187775.0
665,666.0,541.8495631217957,187775.0
666,667.0,542.7984025478363,187775.0
667,668.0,543.689122915268,187775.0
668,669.0,544.5085666179657,187775.0
669,670.0,545.2064220905304,187775.0
670,671.0,545.9236404895782,187775.0
671,672.0,546.7223982810974,187725.0
672,673.0,547.6343779563904,187725.0
673,674.0,548.4945578575134,187725.0
674,675.0,549.3891997337341,187725.0
675,676.0,550.2547006607056,187725.0
676,677.0,551.057235956192,187725.0
677,678.0,551.880964756012,187725.0
678,679.0,552.9173567295074,187725.0
679,680.0,553.852817773819,187725.0
680,681.0,555.1361157894135,187725.0
681,682.0,556.300443649292,187725.0
682,683.0,557.4138014316559,187725.0
683,684.0,558.2319753170013,187650.0
684,685.0,559.037088394165,187650.0
685,686.0,560.1704354286194,187650.0
686,687.0,561.0661747455597,187650.0
687,688.0,561.8688817024231,187650.0
688,689.0,562.8133504390717,187650.0
689,690.0,563.8617327213287,187650.0
690,691.0,564.8191797733307,187575.0
691,692.0,565.8495874404907,187575.0
692,693.0,566.7916712760925,187575.0
693,694.0,567.7072200775146,187575.0
694,695.0,568.6836574077606,187575.0
695,696.0,569.7300543785095,187575.0
696,697.0,570.8137204647064,187575.0
697,698.0,571.7193791866302,187575.0
698,699.0,572.9801506996155,187575.0
699,700.0,573.8325705528259,187575.0
700,701.0,574.8089940547943,187575.0
701,702.0,575.9153592586517,187575.0
702,703.0,576.8389728069305,187575.0
703,704.0,577.7153668403625,187575.0
704,705.0,578.5635001659393,187575.0
705,706.0,579.5160527229309,187575.0
706,707.0,580.6002552509308,187575.0
707,708.0,581.4130804538727,187575.0
708,709.0,582.1733169555664,187575.0
709,710.0,583.2280490398407,187575.0
710,711.0,584.0394866466522,187575.0
711,712.0,584.9896018505096,187575.0
712,713.0,585.9510471820831,187575.0
713,714.0,586.8631360530853,187575.0
714,715.0,587.5247542858124,187575.0
715,716.0,588.4966077804565,187575.0
716,717.0,589.3886775970459,187575.0
717,718.0,590.2884936332703,187575.0
718,719.0,591.0638334751129,187575.0
719,720.0,593.1901786327362,187575.0
720,721.0,594.0406820774078,187575.0
721,722.0,594.866203546524,187575.0
722,723.0,595.8829929828644,187575.0
723,724.0,596.6888127326965,187575.0
724,725.0,597.5532970428467,187575.0
725,726.0,598.2369647026062,187575.0
726,727.0,599.431272983551,187575.0
727,728.0,600.4466879367828,187575.0
728,729.0,601.4701204299927,187575.0
729,730.0,602.8613178730011,187575.0
730,731.0,603.8583159446716,187275.0
731,732.0,604.8038053512573,187275.0
732,733.0,605.8901782035828,187275.0
733,734.0,606.9455707073212,187275.0
734,735.0,607.8970210552216,187275.0
735,736.0,608.7606406211853,187275.0
736,737.0,609.6153984069824,187275.0
737,738.0,610.7097678184509,187275.0
738,739.0,611.6222982406616,187275.0
739,740.0,612.6856565475464,187275.0
740,741.0,613.6406180858612,187275.0
741,742.0,614.2976925373077,187275.0
742,743.0,615.2915658950806,187275.0
743,744.0,616.0541262626648,187275.0
744,745.0,616.8108010292053,187275.0
745,746.0,617.8132219314575,187275.0
746,747.0,618.7168231010437,187275.0
747,748.0,619.8634421825409,187275.0
748,749.0,620.7033085823059,187275.0
749,750.0,621.4555604457855,187275.0
750,751.0,622.4090075492859,187275.0
751,752.0,623.3101425170898,187275.0
752,753.0,624.2701935768127,187275.0
753,754.0,625.2123684883118,187275.0
754,755.0,625.9562821388245,187275.0
755,756.0,626.9534945487976,187200.0
756,757.0,627.8683924674988,187200.0
757,758.0,628.6180815696716,187200.0
758,759.0,629.5080087184906,187200.0
759,760.0,630.4208686351776,187200.0
760,761.0,631.32905626297,187200.0
761,762.0,632.3599276542664,187200.0
762,763.0,633.1812570095062,187200.0
763,764.0,634.2042546272278,187200.0
764,765.0,635.0727462768555,187200.0
765,766.0,635.8062584400177,187200.0
766,767.0,636.7197186946869,187200.0
767,768.0,637.7366459369659,187200.0
768,769.0,638.3345234394073,187200.0
769,770.0,639.1962530612946,187200.0
770,771.0,640.201691865921,187200.0
771,772.0,640.9852793216705,187200.0
772,773.0,641.862683057785,187200.0
773,774.0,642.9710440635681,187200.0
774,775.0,643.9483137130737,187200.0
775,776.0,644.8628644943237,187200.0
776,777.0,645.8996095657349,187200.0
777,778.0,647.0268988609314,187125.0
778,779.0,647.8926270008087,187125.0
779,780.0,648.5540447235107,187125.0
780,781.0,649.5574474334717,187125.0
781,782.0,650.391966342926,187125.0
782,783.0,651.3554575443268,187125.0
783,784.0,652.27503490448,187125.0
784,785.0,653.0969803333282,187050.0
785,786.0,654.200647354126,187050.0
786,787.0,655.1867883205414,187050.0
787,788.0,656.0592968463898,187050.0
788,789.0,656.8690993785858,187050.0
789,790.0,657.444766998291,187050.0
790,791.0,658.073041677475,187050.0
791,792.0,658.822345495224,187050.0
792,793.0,659.5739097595215,187050.0
793,794.0,660.3281030654907,187050.0
794,795.0,661.3135318756104,187050.0
795,796.0,662.2273964881897,187050.0
796,797.0,663.3400430679321,187050.0
797,798.0,664.2876462936401,187050.0
798,799.0,665.4046769142151,186825.0
799,800.0,666.3446071147919,186825.0
800,801.0,667.0416929721832,186825.0
801,802.0,667.8581218719482,186825.0
802,803.0,668.7864127159119,186825.0
803,804.0,669.6794593334198,186825.0
804,805.0,670.6379070281982,186825.0
805,806.0,671.6444206237793,186750.0
806,807.0,672.3082253932953,186750.0
807,808.0,673.1680161952972,186750.0
808,809.0,674.0896055698395,186750.0
809,810.0,674.720335483551,186750.0
810,811.0,675.3590288162231,186750.0
811,812.0,676.4234759807587,186750.0
812,813.0,677.3525538444519,186750.0
813,814.0,678.1851644515991,186750.0
814,815.0,678.959719657898,186750.0
815,816.0,679.8999154567719,186750.0
816,817.0,680.6538426876068,186750.0
817,818.0,681.7867591381073,186750.0
818,819.0,682.7163228988647,186750.0
819,820.0,683.6677722930908,186675.0
820,821.0,684.348546743393,186675.0
821,822.0,685.3509192466736,186675.0
822,823.0,686.1500153541565,186675.0
823,824.0,687.0371942520142,186675.0
824,825.0,687.8890762329102,186675.0
825,826.0,688.7433116436005,186675.0
826,827.0,689.6635465621948,186675.0
827,828.0,690.5541040897369,186675.0
828,829.0,691.5506386756897,186675.0
829,830.0,692.6609990596771,186675.0
830,831.0,693.9232702255249,186675.0
831,832.0,694.9722442626953,186675.0
832,833.0,695.8237538337708,186675.0
833,834.0,696.7881960868835,186675.0
834,835.0,697.9865069389343,186675.0
835,836.0,699.064103603363,186675.0
836,837.0,699.8997981548309,186675.0
837,838.0,700.9262037277222,186675.0
838,839.0,701.8461863994598,186675.0
839,840.0,702.9542782306671,186675.0
840,841.0,703.8997323513031,186675.0
841,842.0,704.6403498649597,186675.0
842,843.0,705.5261046886444,186675.0
843,844.0,706.5478641986847,186675.0
844,845.0,707.352219581604,186675.0
845,846.0,708.3612260818481,186675.0
846,847.0,709.6428833007812,186675.0
847,848.0,710.7441236972809,186675.0
848,849.0,711.7815260887146,186675.0
849,850.0,713.0053806304932,186675.0
850,851.0,713.8357999324799,186675.0
851,852.0,715.1910171508789,186675.0
852,853.0,716.5609595775604,186675.0
853,854.0,717.5393147468567,186675.0
854,855.0,718.3031270503998,186450.0
855,856.0,719.1476383209229,186450.0
856,857.0,720.092440366745,186450.0
857,858.0,721.0170631408691,186450.0
858,859.0,721.7696144580841,186450.0
859,860.0,722.6855049133301,186450.0
860,861.0,723.7092726230621,186450.0
861,862.0,724.6797158718109,186450.0
862,863.0,725.800847530365,186450.0
863,864.0,726.6159107685089,186375.0
864,865.0,727.5853779315948,186375.0
865,866.0,728.5035700798035,186375.0
866,867.0,729.395500421524,186375.0
867,868.0,730.4576923847198,186375.0
868,869.0,731.2732543945312,186375.0
869,870.0,732.0802042484283,186375.0
870,871.0,732.9596982002258,186375.0
871,872.0,733.8680579662323,186375.0
872,873.0,734.5717484951019,186375.0
873,874.0,735.4042932987213,186375.0
874,875.0,736.2734518051147,186375.0
875,876.0,737.2326908111572,186375.0
876,877.0,738.0476114749908,186375.0
877,878.0,738.7114906311035,186375.0
878,879.0,739.6826319694519,186375.0
879,880.0,740.7230298519135,186375.0
880,881.0,741.8174040317535,186375.0
881,882.0,742.722305059433,186375.0
882,883.0,743.8077733516693,186375.0
883,884.0,744.5464432239532,186375.0
884,885.0,745.5572264194489,186375.0
885,886.0,746.4169220924377,186375.0
886,887.0,747.6348412036896,186375.0
887,888.0,748.8202083110809,186375.0
888,889.0,749.6421523094177,186375.0
889,890.0,750.205005645752,186375.0
890,891.0,751.0524036884308,186375.0
891,892.0,752.1217720508575,186375.0
892,893.0,753.2242558002472,186375.0
893,894.0,754.2909061908722,186375.0
894,895.0,755.31432056427,186375.0
895,896.0,756.2832224369049,186375.0
896,897.0,757.5674822330475,186375.0
897,898.0,758.6063129901886,186375.0
898,899.0,759.7346713542938,186375.0
899,900.0,760.7183730602264,186375.0
900,901.0,761.8190338611603,186375.0
901,902.0,762.862654209137,186375.0
902,903.0,763.6301515102386,186375.0
903,904.0,764.5106873512268,186375.0
904,905.0,765.6202154159546,186375.0
905,906.0,766.1505880355835,186375.0
906,907.0,766.8543946743011,186375.0
907,908.0,767.7298452854156,186375.0
908,909.0,768.6564140319824,186375.0
909,910.0,769.3765404224396,186375.0
910,911.0,770.2414531707764,186375.0
911,912.0,771.3740601539612,186375.0
912,913.0,772.226580619812,186375.0
913,914.0,776.6866772174835,186375.0
914,915.0,777.5081260204315,186375.0
915,916.0,778.463493347168,186375.0
916,917.0,779.365071773529,186375.0
917,918.0,780.2865445613861,186375.0
918,919.0,781.3197410106659,186375.0
919,920.0,782.0990815162659,186375.0
920,921.0,783.1521220207214,186375.0
921,922.0,784.1725792884827,186375.0
922,923.0,785.4007751941681,186375.0
923,924.0,786.4828014373779,186375.0
924,925.0,787.2196929454803,186375.0
925,926.0,788.0942196846008,186375.0
926,927.0,789.3466665744781,186375.0
927,928.0,790.3700783252716,186375.0
928,929.0,791.353218793869,186375.0
929,930.0,792.2384157180786,186375.0
930,931.0,793.3527731895447,186375.0
931,932.0,794.3472077846527,186375.0
932,933.0,795.3971779346466,186375.0
933,934.0,796.2728126049042,186375.0
934,935.0,797.1742942333221,186375.0
935,936.0,798.3041641712189,186375.0
936,937.0,798.9744818210602,186375.0
937,938.0,800.1138331890106,186375.0
938,939.0,800.9910328388214,186375.0
939,940.0,801.8283035755157,186375.0
940,941.0,802.4628396034241,186375.0
941,942.0,803.4229989051819,186375.0
942,943.0,804.5283570289612,186375.0
943,944.0,805.4587450027466,186375.0
944,945.0,806.4669075012207,186375.0
945,946.0,807.3309648036957,186375.0
946,947.0,808.2186737060547,186375.0
947,948.0,809.0955994129181,186375.0
948,949.0,809.8651580810547,186375.0
949,950.0,810.9595935344696,186375.0
950,951.0,811.6414859294891,186375.0
951,952.0,812.8865234851837,186375.0
952,953.0,813.7736926078796,186375.0
953,954.0,814.6417841911316,186375.0
954,955.0,815.7202048301697,186375.0
955,956.0,816.8035607337952,186375.0
956,957.0,817.8519551753998,186375.0
957,958.0,818.577278137207,186375.0
958,959.0,819.4719326496124,186375.0
959,960.0,820.4313826560974,186375.0
960,961.0,821.2091448307037,186375.0
961,962.0,822.2677512168884,186375.0
962,963.0,823.1342630386353,186375.0
963,964.0,824.1616215705872,186375.0
964,965.0,825.0602087974548,186375.0
965,966.0,826.2495160102844,186375.0
966,967.0,827.0415320396423,186375.0
967,968.0,827.9553599357605,186375.0
968,969.0,828.9784150123596,186375.0
969,970.0,829.8123569488525,186375.0
970,971.0,830.6214213371277,186375.0
971,972.0,831.5683772563934,186375.0
972,973.0,832.4365029335022,186375.0
973,974.0,833.4739060401917,186375.0
974,975.0,834.3848264217377,186375.0
975,976.0,835.3128662109375,186375.0
976,977.0,835.9755871295929,186375.0
977,978.0,836.7870218753815,186375.0
978,979.0,837.6086084842682,186375.0
979,980.0,838.5481522083282,186375.0
980,981.0,839.2847282886505,186375.0
981,982.0,839.8424069881439,186375.0
982,983.0,840.6370680332184,186375.0
983,984.0,841.2070059776306,186375.0
984,985.0,842.0392229557037,186375.0
985,986.0,842.7720663547516,186375.0
986,987.0,843.5935900211334,186375.0
987,988.0,844.5373470783234,186375.0
988,989.0,845.4848129749298,186375.0
989,990.0,846.2103815078735,186375.0
990,991.0,846.9834976196289,186375.0
991,992.0,847.6597938537598,186375.0
992,993.0,848.3726127147675,186375.0
993,994.0,849.1915061473846,186375.0
994,995.0,849.9875209331512,186375.0
995,996.0,850.8957641124725,186375.0
996,997.0,851.6182963848114,186375.0
997,998.0,852.2800614833832,186375.0
998,999.0,852.9442389011383,186300.0
999,1000.0,853.7464997768402,186300.0
